model,target,metric,aggregation_unit,n_repeats,mean,std,se,ci95_low,ci95_high
Extra Trees Optuna,Br2_pct,mae,répétition OOF complète,5,0.020208800755359163,0.00011923318986545035,5.332270354265719e-05,0.020060753196112238,0.020356848314606088
Extra Trees Optuna,Br2_pct,rmse,répétition OOF complète,5,0.026078981408760204,0.00010241861552576954,4.5802997295407206e-05,0.025951811901115982,0.026206150916404426
Extra Trees Optuna,Br2_pct,r2,répétition OOF complète,5,0.8602844926793427,0.0010958754461525828,0.0004900903984940171,0.8589237835913396,0.8616452017673458
Extra Trees Optuna,Cl2_pct,mae,répétition OOF complète,5,0.01330789419696472,4.7315159091818505e-05,2.1159982419104677e-05,0.013249144667351125,0.013366643726578314
Extra Trees Optuna,Cl2_pct,rmse,répétition OOF complète,5,0.01740915045454574,4.2124115995726105e-05,1.883847737170596e-05,0.017356846456257687,0.017461454452833793
Extra Trees Optuna,Cl2_pct,r2,répétition OOF complète,5,0.830709441362308,0.0008189297317010728,0.00036623650977585264,0.829692605797396,0.8317262769272199
Extra Trees Optuna,Gas_Yield_pct,mae,répétition OOF complète,5,1.5890415917063883,0.0071767388056519265,0.0032095351652396717,1.5801304935068983,1.5979526899058782
Extra Trees Optuna,Gas_Yield_pct,rmse,répétition OOF complète,5,1.978278212640279,0.007208381819618146,0.00322368635128796,1.9693278244495525,1.9872286008310054
Extra Trees Optuna,Gas_Yield_pct,r2,répétition OOF complète,5,0.15421823319664293,0.006159312933270912,0.002754528482697477,0.14657043607372963,0.16186603031955624
Extra Trees Optuna,HBr_pct,mae,répétition OOF complète,5,0.2634455720009092,0.0016528056540337937,0.0007391571592031124,0.2613933427242678,0.26549780127755057
Extra Trees Optuna,HBr_pct,rmse,répétition OOF complète,5,0.340712275365155,0.002220244663255648,0.0009929235987441516,0.33795547749958643,0.3434690732307236
Extra Trees Optuna,HBr_pct,r2,répétition OOF complète,5,0.8852233334530808,0.0014955532073753538,0.0006688317271318262,0.8833663588780847,0.8870803080280769
Extra Trees Optuna,HCl_pct,mae,répétition OOF complète,5,0.04044304393336116,9.038803399767764e-05,4.042275767427385e-05,0.04033081236567782,0.04055527550104449
Extra Trees Optuna,HCl_pct,rmse,répétition OOF complète,5,0.05295379620929432,0.00020697002236254392,9.255980786145996e-05,0.05269680898381932,0.05321078343476932
Extra Trees Optuna,HCl_pct,r2,répétition OOF complète,5,0.8370871801040585,0.0012740524851878844,0.0005697735927565307,0.8355052350013786,0.8386691252067383
Extra Trees Optuna,HF_pct,mae,répétition OOF complète,5,0.00503643270687934,2.59371247259534e-05,1.159943480562448e-05,0.005004227512890203,0.005068637900868477
Extra Trees Optuna,HF_pct,rmse,répétition OOF complète,5,0.0064888605885171395,3.405362517594476e-05,1.5229244154742142e-05,0.006446577428127843,0.006531143748906436
Extra Trees Optuna,HF_pct,r2,répétition OOF complète,5,0.6843610235628054,0.003310449529839447,0.0014804780369606443,0.6802505575637332,0.6884714895618775
Extra Trees Optuna,Liquid_Yield_pct,mae,répétition OOF complète,5,2.4655171782263436,0.007929378710762344,0.0035461259633208487,2.4556715541530667,2.4753628022996206
Extra Trees Optuna,Liquid_Yield_pct,rmse,répétition OOF complète,5,3.080625309280681,0.011530252232094392,0.005156485557736348,3.066308610193881,3.094942008367481
Extra Trees Optuna,Liquid_Yield_pct,r2,répétition OOF complète,5,0.15155762678899842,0.0063646693069701245,0.002846366644938335,0.14365484605006112,0.15946040752793572
Extra Trees Optuna,Solid_Yield_pct,mae,répétition OOF complète,5,2.9028104549589258,0.0029229904180821985,0.0013072010544824652,2.8991810829896987,2.906439826928153
Extra Trees Optuna,Solid_Yield_pct,rmse,répétition OOF complète,5,3.647639283552094,0.007769568086127182,0.0034746564792786636,3.6379920905779572,3.657286476526231
Extra Trees Optuna,Solid_Yield_pct,r2,répétition OOF complète,5,0.23267448287336934,0.0032677851683031492,0.0014613979544382866,0.2286169916760231,0.23673197407071558
Hybride 2 branches MLP + XGBoost Optuna,Br2_pct,mae,répétition OOF complète,5,0.0202604954682681,0.00013334781582733906,5.96349561682105e-05,0.020094922286116187,0.020426068650420015
Hybride 2 branches MLP + XGBoost Optuna,Br2_pct,rmse,répétition OOF complète,5,0.026163746411701598,0.0001522303633251272,6.807948812689506e-05,0.02597472745012731,0.026352765373275886
Hybride 2 branches MLP + XGBoost Optuna,Br2_pct,r2,répétition OOF complète,5,0.8593727034006065,0.001636694916150234,0.0007319522181880483,0.8573404782471796,0.8614049285540333
Hybride 2 branches MLP + XGBoost Optuna,Cl2_pct,mae,répétition OOF complète,5,0.013328181614175899,3.0329602886111833e-05,1.3563810756783973e-05,0.013290522438192396,0.013365840790159402
Hybride 2 branches MLP + XGBoost Optuna,Cl2_pct,rmse,répétition OOF complète,5,0.01746362218732798,8.216776210437093e-05,3.674654032488091e-05,0.017361597435310013,0.01756564693934595
Hybride 2 branches MLP + XGBoost Optuna,Cl2_pct,r2,répétition OOF complète,5,0.8296461737607853,0.0016048244166689907,0.0007176992975246619,0.8276535210591691,0.8316388264624015
Hybride 2 branches MLP + XGBoost Optuna,Gas_Yield_pct,mae,répétition OOF complète,5,1.5881460531616165,0.006695631350200865,0.002994377370265567,1.5798323287688276,1.5964597775544054
Hybride 2 branches MLP + XGBoost Optuna,Gas_Yield_pct,rmse,répétition OOF complète,5,1.973771368320063,0.010893744617767534,0.004871830698970133,1.9602449978225551,1.987297738817571
Hybride 2 branches MLP + XGBoost Optuna,Gas_Yield_pct,r2,répétition OOF complète,5,0.1580559296579608,0.009323792547495002,0.004169726788860952,0.1464789121250157,0.1696329471909059
Hybride 2 branches MLP + XGBoost Optuna,HBr_pct,mae,répétition OOF complète,5,0.2658459004899963,0.0020358560272457664,0.0009104624938648394,0.26331805135543906,0.2683737496245535
Hybride 2 branches MLP + XGBoost Optuna,HBr_pct,rmse,répétition OOF complète,5,0.34331791134570266,0.002111525421862995,0.0009443028759009154,0.3406961062480834,0.34593971644332194
Hybride 2 branches MLP + XGBoost Optuna,HBr_pct,r2,répétition OOF complète,5,0.8834615176952474,0.001435154982008794,0.0006418208196038302,0.8816795374222443,0.8852434979682505
Hybride 2 branches MLP + XGBoost Optuna,HCl_pct,mae,répétition OOF complète,5,0.040412105307607624,0.00015170520609847008,6.784463067535895e-05,0.04022373841485507,0.04060047220036018
Hybride 2 branches MLP + XGBoost Optuna,HCl_pct,rmse,répétition OOF complète,5,0.052838237450952764,0.00014166789966244973,6.335581077497142e-05,0.05266233352024076,0.05301414138166477
Hybride 2 branches MLP + XGBoost Optuna,HCl_pct,r2,répétition OOF complète,5,0.8377984888179648,0.0008690813712518338,0.00038866500481956636,0.8367193817677718,0.8388775958681578
Hybride 2 branches MLP + XGBoost Optuna,HF_pct,mae,répétition OOF complète,5,0.0050730261209400804,6.019877772843744e-05,2.6921711832637297e-05,0.004998279465898809,0.005147772775981352
Hybride 2 branches MLP + XGBoost Optuna,HF_pct,rmse,répétition OOF complète,5,0.006538498295402341,6.25005734661243e-05,2.795110618059472e-05,0.006460893583462365,0.006616103007342317
Hybride 2 branches MLP + XGBoost Optuna,HF_pct,r2,répétition OOF complète,5,0.6794971138206376,0.0061119744797935895,0.002733358082712476,0.6719080951511377,0.6870861324901375
Hybride 2 branches MLP + XGBoost Optuna,Liquid_Yield_pct,mae,répétition OOF complète,5,2.4660153881642897,0.018883535884290207,0.0084449739785659,2.4425683814979777,2.4894623948306016
Hybride 2 branches MLP + XGBoost Optuna,Liquid_Yield_pct,rmse,répétition OOF complète,5,3.082297463020522,0.026917253698347184,0.012037761807422383,3.0488752781727673,3.1157196478682767
Hybride 2 branches MLP + XGBoost Optuna,Liquid_Yield_pct,r2,répétition OOF complète,5,0.15059401256675234,0.01488450379694535,0.006656552460264705,0.13211246007095806,0.16907556506254662
Hybride 2 branches MLP + XGBoost Optuna,Solid_Yield_pct,mae,répétition OOF complète,5,2.9047909471407696,0.016129585359928374,0.007213369862737051,2.884763421693392,2.924818472588147
Hybride 2 branches MLP + XGBoost Optuna,Solid_Yield_pct,rmse,répétition OOF complète,5,3.6484270682554945,0.02093547625610061,0.009362629609994752,3.6224322411030445,3.6744218954079444
Hybride 2 branches MLP + XGBoost Optuna,Solid_Yield_pct,r2,répétition OOF complète,5,0.23232557173944063,0.008820024040291578,0.003944434663454862,0.22137406542531887,0.24327707805356238
MLP Optuna,Br2_pct,mae,répétition OOF complète,5,0.02061215734170346,0.00019862058108033304,8.882582420522666e-05,0.020365537316873697,0.020858777366533222
MLP Optuna,Br2_pct,rmse,répétition OOF complète,5,0.026535202297239442,0.000273603022267853,0.0001223589913280616,0.026195479274689706,0.02687492531978918
MLP Optuna,Br2_pct,r2,répétition OOF complète,5,0.8553429027540048,0.0029935253633894404,0.0013387452409817098,0.8516259500825744,0.8590598554254353
MLP Optuna,Cl2_pct,mae,répétition OOF complète,5,0.0137740601604829,0.00014279010390731304,6.385767577020205e-05,0.013596762829161415,0.013951357491804386
MLP Optuna,Cl2_pct,rmse,répétition OOF complète,5,0.01787209089405298,0.00011968562042363544,5.35250366392972e-05,0.01772348156807027,0.01802070022003569
MLP Optuna,Cl2_pct,r2,répétition OOF complète,5,0.8215806893863483,0.0023984111983047503,0.0010726020954812299,0.8186026685485246,0.824558710224172
MLP Optuna,Gas_Yield_pct,mae,répétition OOF complète,5,1.612376760418405,0.012851570211066464,0.005747396921911186,1.5964194283669357,1.6283340924698742
MLP Optuna,Gas_Yield_pct,rmse,répétition OOF complète,5,1.9998818277017043,0.015430520381225018,0.006900738500123022,1.9807223060707877,2.0190413493326207
MLP Optuna,Gas_Yield_pct,r2,répétition OOF complète,5,0.13561281234514394,0.013363543931537599,0.005976358530244573,0.11901978095693931,0.15220584373334856
MLP Optuna,HBr_pct,mae,répétition OOF complète,5,0.27069218634116765,0.0013102562817342226,0.0005859644227807676,0.2690652882877179,0.2723190843946174
MLP Optuna,HBr_pct,rmse,répétition OOF complète,5,0.3488304093287294,0.0017398993551210541,0.0007781066464117447,0.34667003893897763,0.35099077971848114
MLP Optuna,HBr_pct,r2,répétition OOF complète,5,0.8796903091187757,0.001201115707817361,0.0005371552743044789,0.8781989269867018,0.8811816912508496
MLP Optuna,HCl_pct,mae,répétition OOF complète,5,0.04120582163581734,0.00020760061251093347,9.28418163490081e-05,0.04094805142925746,0.04146359184237722
MLP Optuna,HCl_pct,rmse,répétition OOF complète,5,0.05378017057314303,0.00026788799392176257,0.00011980315295302231,0.05344754369553935,0.05411279745074671
MLP Optuna,HCl_pct,r2,répétition OOF complète,5,0.8319615274473835,0.0016722961860924865,0.0007478735901232876,0.829885097478779,0.834037957415988
MLP Optuna,HF_pct,mae,répétition OOF complète,5,0.0051936331599641405,4.6774755463472415e-05,2.09183065694508e-05,0.005135554630080362,0.005251711689847919
MLP Optuna,HF_pct,rmse,répétition OOF complète,5,0.00663335929212366,4.976605471205055e-05,2.225605626162375e-05,0.006571566573655068,0.006695152010592251
MLP Optuna,HF_pct,r2,répétition OOF complète,5,0.6701391542236499,0.004944684214089804,0.0022113300059949845,0.6639995178525281,0.6762787905947717
MLP Optuna,Liquid_Yield_pct,mae,répétition OOF complète,5,2.470468248699119,0.024874624024342363,0.01112427004663578,2.4395823235792387,2.5013541738189993
MLP Optuna,Liquid_Yield_pct,rmse,répétition OOF complète,5,3.0866442881953784,0.030011153954607513,0.013421396065142806,3.0493805187853917,3.123908057605365
MLP Optuna,Liquid_Yield_pct,r2,répétition OOF complète,5,0.14818411461921868,0.016587224974048496,0.007418032520010924,0.1275883545388363,0.16877987469960107
MLP Optuna,Solid_Yield_pct,mae,répétition OOF complète,5,2.893277462186591,0.01924837028181918,0.008608132881246894,2.869377453783561,2.917177470589621
MLP Optuna,Solid_Yield_pct,rmse,répétition OOF complète,5,3.6290069701786627,0.020149744951025485,0.009011239887955231,3.6039877572999863,3.654026183057339
MLP Optuna,Solid_Yield_pct,r2,répétition OOF complète,5,0.24047755625041636,0.008433275120046189,0.0037714752882761953,0.23000626214690748,0.2509488503539252
Prédicteur naïf (moyenne),Br2_pct,mae,répétition OOF complète,5,0.05792086999999998,3.4828777612940588e-06,1.5575902863151603e-06,0.057916545436073635,0.05792519456392632
Prédicteur naïf (moyenne),Br2_pct,rmse,répétition OOF complète,5,0.06978286946157626,4.637968567490215e-06,2.0741625988830882e-06,0.0697771106629812,0.06978862826017132
Prédicteur naïf (moyenne),Br2_pct,r2,répétition OOF complète,5,-0.00035846794346116,0.00013297205759600875,5.946691197853856e-05,-0.0005235745601452014,-0.0001933613267771186
Prédicteur naïf (moyenne),Cl2_pct,mae,répétition OOF complète,5,0.035018645,5.020812932185773e-06,2.245375803735486e-06,0.03501241083734039,0.03502487916265961
Prédicteur naïf (moyenne),Cl2_pct,rmse,répétition OOF complète,5,0.042319927223320404,5.281200253591093e-06,2.361824553963762e-06,0.04231336974709821,0.042326484699542595
Prédicteur naïf (moyenne),Cl2_pct,r2,répétition OOF complète,5,-0.00038086613017384,0.0002496966240365913,0.00011166772501960522,-0.0006909054387130961,-7.08268216345839e-05
Prédicteur naïf (moyenne),Gas_Yield_pct,mae,répétition OOF complète,5,1.729366685,0.0008297103530000118,0.0003710577501886746,1.728336463525743,1.730396906474257
Prédicteur naïf (moyenne),Gas_Yield_pct,rmse,répétition OOF complète,5,2.152697899726241,0.0003615966889822717,0.00016171095540064173,2.152248918135662,2.15314688131682
Prédicteur naïf (moyenne),Gas_Yield_pct,r2,répétition OOF complète,5,-0.00148662493180402,0.0003364439381025078,0.0001504623032429878,-0.0019043752571597996,-0.0010688746064482404
Prédicteur naïf (moyenne),HBr_pct,mae,répétition OOF complète,5,0.8340641449999999,5.8400819771676265e-05,2.6117640590236374e-05,0.8339916308046238,0.834136659195376
Prédicteur naïf (moyenne),HBr_pct,rmse,répétition OOF complète,5,1.0058293236577789,0.00010836936507517535,4.8464253397316736e-05,1.0056947653186568,1.005963881996901
Prédicteur naïf (moyenne),HBr_pct,r2,répétition OOF complète,5,-0.0002576506520277378,0.00021555091111741796,9.639729797411234e-05,-0.0005252924581422552,9.99115408677957e-06
Prédicteur naïf (moyenne),HCl_pct,mae,répétition OOF complète,5,0.10760560999999993,3.379145602084295e-06,1.5111998544259876e-06,0.10760141423656114,0.10760980576343873
Prédicteur naïf (moyenne),HCl_pct,rmse,répétition OOF complète,5,0.13121421170786507,1.020928176075746e-05,4.5657296037004845e-06,0.1312015352102552,0.13122688820547493
Prédicteur naïf (moyenne),HCl_pct,r2,répétition OOF complète,5,-0.00027060766076695257,0.00015565450875117804,6.961081251439399e-05,-0.00046387826044138307,-7.733706109252207e-05
Prédicteur naïf (moyenne),HF_pct,mae,répétition OOF complète,5,0.009485465,1.3487957591865542e-06,6.031998010609143e-07,0.009483790248864888,0.009487139751135113
Prédicteur naïf (moyenne),HF_pct,rmse,répétition OOF complète,5,0.01155232657105384,9.973225634876373e-07,4.460162094905413e-07,0.01155108823153216,0.011553564910575518
Prédicteur naïf (moyenne),HF_pct,r2,répétition OOF complète,5,-0.00042166416791581995,0.00017272797257718414,7.724629765966066e-05,-0.0006361342729476365,-0.00020719406288400335
Prédicteur naïf (moyenne),Liquid_Yield_pct,mae,répétition OOF complète,5,2.665370935,0.004947205988250935,0.002212457777684623,2.6592281674326905,2.6715137025673092
Prédicteur naïf (moyenne),Liquid_Yield_pct,rmse,répétition OOF complète,5,3.3515352059177643,0.003738495899001927,0.0016719061927544991,3.346893250152541,3.3561771616829876
Prédicteur naïf (moyenne),Liquid_Yield_pct,r2,répétition OOF complète,5,-0.00421736876005076,0.0022408999616232565,0.0010021609289932543,-0.006999813565974554,-0.001434923954126966
Prédicteur naïf (moyenne),Solid_Yield_pct,mae,répétition OOF complète,5,3.3015919449999998,0.003725038278721105,0.00166588776200184,3.2969666990773807,3.306217190922619
Prédicteur naïf (moyenne),Solid_Yield_pct,rmse,répétition OOF complète,5,4.171453790355779,0.004397924071114619,0.001966811436578981,4.165993046369842,4.176914534341716
Prédicteur naïf (moyenne),Solid_Yield_pct,r2,répétition OOF complète,5,-0.00352814253028972,0.0021168053822289788,0.0009466641459602843,-0.0061565035646074006,-0.0008997814959720392
Ridge polynomial Optuna,Br2_pct,mae,répétition OOF complète,5,0.02020123572924052,8.998291019499718e-05,4.024158080185451e-05,0.02008950718919779,0.02031296426928325
Ridge polynomial Optuna,Br2_pct,rmse,répétition OOF complète,5,0.025906757085629985,8.085686878961784e-05,3.6160291012273327e-05,0.02580636002264643,0.02600715414861354
Ridge polynomial Optuna,Br2_pct,r2,répétition OOF complète,5,0.8621243749367309,0.0008607216896927032,0.00038492644157227284,0.8610556478021664,0.8631931020712954
Ridge polynomial Optuna,Cl2_pct,mae,répétition OOF complète,5,0.013102284474845422,2.5740742719777276e-05,1.151161010255096e-05,0.013070323121323248,0.013134245828367596
Ridge polynomial Optuna,Cl2_pct,rmse,répétition OOF complète,5,0.017267987034460298,5.6375566626538063e-05,2.521191984940152e-05,0.01719798752300179,0.017337986545918806
Ridge polynomial Optuna,Cl2_pct,r2,répétition OOF complète,5,0.833443081324557,0.0010883151949035812,0.000486709351350068,0.8320917595283471,0.8347944031207669
Ridge polynomial Optuna,Gas_Yield_pct,mae,répétition OOF complète,5,1.5822914799087897,0.0069474818906624805,0.0031070083559940134,1.5736650417669815,1.590917918050598
Ridge polynomial Optuna,Gas_Yield_pct,rmse,répétition OOF complète,5,1.9619244090818326,0.0053541947124004854,0.0023944686683394843,1.955276298268072,1.9685725198955932
Ridge polynomial Optuna,Gas_Yield_pct,r2,répétition OOF complète,5,0.16814793687307922,0.00454473905503213,0.00203246909341,0.16250489800721524,0.1737909757389432
Ridge polynomial Optuna,HBr_pct,mae,répétition OOF complète,5,0.2632000433503169,0.0003857389073857272,0.00017250768369619633,0.26272108523630955,0.2636790014643242
Ridge polynomial Optuna,HBr_pct,rmse,répétition OOF complète,5,0.3381649614049872,0.0006880805940719054,0.00030771899646864383,0.33731059650346545,0.33901932630650894
Ridge polynomial Optuna,HBr_pct,r2,répétition OOF complète,5,0.8869366253168544,0.000460230857442283,0.00020582149651679195,0.8863651732303058,0.8875080774034029
Ridge polynomial Optuna,HCl_pct,mae,répétition OOF complète,5,0.04012983292510443,0.0001024663171009645,4.582433008836116e-05,0.04000260418813163,0.04025706166207722
Ridge polynomial Optuna,HCl_pct,rmse,répétition OOF complète,5,0.05254474901551916,0.00015030563755801522,6.72187245962335e-05,0.0523581199166363,0.05273137811440201
Ridge polynomial Optuna,HCl_pct,r2,répétition OOF complète,5,0.839595244047263,0.0009177592919372003,0.00041043443275073086,0.8384556953754476,0.8407347927190785
Ridge polynomial Optuna,HF_pct,mae,répétition OOF complète,5,0.00507785117304212,1.1944052579499961e-05,5.341542698918724e-06,0.005063020672961502,0.005092681673122738
Ridge polynomial Optuna,HF_pct,rmse,répétition OOF complète,5,0.00646528261968862,9.86252203174251e-06,4.410653938513118e-06,0.006453036681150314,0.006477528558226926
Ridge polynomial Optuna,HF_pct,r2,répétition OOF complète,5,0.6866569927442204,0.0009557272543646772,0.0004274142217417301,0.6854703006203737,0.6878436848680671
Ridge polynomial Optuna,Liquid_Yield_pct,mae,répétition OOF complète,5,2.436556069614163,0.005053602336954731,0.002260039671336515,2.430281193531128,2.4428309456971977
Ridge polynomial Optuna,Liquid_Yield_pct,rmse,répétition OOF complète,5,3.031330153594555,0.003220260055028439,0.0014401440776541604,3.0273316726193724,3.0353286345697374
Ridge polynomial Optuna,Liquid_Yield_pct,r2,répétition OOF complète,5,0.17850183810136822,0.001746533300391598,0.0007810734369285347,0.17633323058060796,0.18067044562212847
Ridge polynomial Optuna,Solid_Yield_pct,mae,répétition OOF complète,5,2.8541109980290305,0.01088289298456241,0.0048669777010674235,2.840598101613795,2.867623894444266
Ridge polynomial Optuna,Solid_Yield_pct,rmse,répétition OOF complète,5,3.578681784645357,0.012172999253888506,0.005443930764349784,3.5635670097216425,3.5937965595690717
Ridge polynomial Optuna,Solid_Yield_pct,r2,répétition OOF complète,5,0.2614082004455791,0.005020393521361787,0.0022451882375128995,0.25517455855328874,0.2676418423378695
Sélection automatique par sortie,Br2_pct,mae,répétition OOF complète,5,0.02023822867762676,7.766664810734684e-05,3.473358095051658e-05,0.020141792796810706,0.020334664558442815
Sélection automatique par sortie,Br2_pct,rmse,répétition OOF complète,5,0.025957472084843364,7.954119540978163e-05,3.5571903989573196e-05,0.025858708646128947,0.02605623552355778
Sélection automatique par sortie,Br2_pct,r2,répétition OOF complète,5,0.861584075544951,0.0008465634091894863,0.0003785946660423323,0.8605329282375638,0.8626352228523382
Sélection automatique par sortie,Cl2_pct,mae,répétition OOF complète,5,0.01319678759748992,6.72800254081526e-05,3.008854206810845e-05,0.013113248412142382,0.013280326782837458
Sélection automatique par sortie,Cl2_pct,rmse,répétition OOF complète,5,0.017367083366661658,8.029606974106887e-05,3.5909494053418786e-05,0.017267382627666913,0.017466784105656403
Sélection automatique par sortie,Cl2_pct,r2,répétition OOF complète,5,0.8315245008688905,0.0015591337750562163,0.0006972658214083131,0.8295885805920197,0.8334604211457614
Sélection automatique par sortie,Gas_Yield_pct,mae,répétition OOF complète,5,1.5873420118132684,0.010700231872830304,0.0047852891685316885,1.5740559191243426,1.6006281045021942
Sélection automatique par sortie,Gas_Yield_pct,rmse,répétition OOF complète,5,1.9683665699599413,0.01155536678906736,0.005167717129059618,1.954018687031917,1.9827144528879657
Sélection automatique par sortie,Gas_Yield_pct,r2,répétition OOF complète,5,0.1626579445076736,0.009866503658539165,0.004412434576148789,0.15040706212671978,0.1749088268886274
Sélection automatique par sortie,HBr_pct,mae,répétition OOF complète,5,0.26415185167162136,0.0012455842583757619,0.0005570422146863731,0.2626052545412668,0.2656984488019759
Sélection automatique par sortie,HBr_pct,rmse,répétition OOF complète,5,0.34048791343988605,0.0022274016184003218,0.000996124286387233,0.3377222290407776,0.3432535978389945
Sélection automatique par sortie,HBr_pct,r2,répétition OOF complète,5,0.8853744161895227,0.0014980959646062595,0.000669968882735543,0.8835142843644168,0.8872345480146286
Sélection automatique par sortie,HCl_pct,mae,répétition OOF complète,5,0.040393816416156234,0.00018108967431942303,8.098576436030557e-05,0.04016896388710736,0.040618668945205105
Sélection automatique par sortie,HCl_pct,rmse,répétition OOF complète,5,0.052784352077718866,0.00018231477025666337,8.153364391923122e-05,0.052557978391150374,0.05301072576428736
Sélection automatique par sortie,HCl_pct,r2,répétition OOF complète,5,0.8381285381265944,0.0011195215436064093,0.0005006652547558852,0.8367384685306848,0.839518607722504
Sélection automatique par sortie,HF_pct,mae,répétition OOF complète,5,0.0050782641363668595,3.8504731870914136e-05,1.7219839583753332e-05,0.005030454197042256,0.005126074075691463
Sélection automatique par sortie,HF_pct,rmse,répétition OOF complète,5,0.00650777310363108,3.058134617601625e-05,1.3676393778605115e-05,0.006469801347067714,0.006545744860194446
Sélection automatique par sortie,HF_pct,r2,répétition OOF complète,5,0.6825197980259992,0.0029759757785216456,0.0013308968280334515,0.6788246360422824,0.6862149600097159
Sélection automatique par sortie,Liquid_Yield_pct,mae,répétition OOF complète,5,2.4407393777305373,0.010060066725750202,0.004498998611392237,2.428248155057646,2.4532306004034288
Sélection automatique par sortie,Liquid_Yield_pct,rmse,répétition OOF complète,5,3.0350476760720224,0.008317904499994975,0.0037198799784680324,3.0247196335138815,3.0453757186301633
Sélection automatique par sortie,Liquid_Yield_pct,r2,répétition OOF complète,5,0.1764814817174762,0.004519687406846911,0.002021265655751888,0.17086954858125947,0.18209341485369296
Sélection automatique par sortie,Solid_Yield_pct,mae,répétition OOF complète,5,2.8571379500760132,0.015099686946151375,0.0067527852901121364,2.8383892124108296,2.875886687741197
Sélection automatique par sortie,Solid_Yield_pct,rmse,répétition OOF complète,5,3.583033788627477,0.019606648678594636,0.008768359851258806,3.5586889188378366,3.6073786584171175
Sélection automatique par sortie,Solid_Yield_pct,r2,répétition OOF complète,5,0.2595998353704375,0.008114473426865916,0.0036289028368175712,0.249524385851917,0.26967528488895803
