model,input,input_value,normalized_level,Solid_Yield_pct,Liquid_Yield_pct,Gas_Yield_pct,HBr_pct,Br2_pct,HCl_pct,Cl2_pct,HF_pct,Toxicity_Index_pct,Valuable_Yield_pct
Sélection automatique par sortie,Concentration_liquide_chimique_kg,20.948999999999998,0.0,25.80725116426243,56.17491057442657,18.01783826131101,1.7285805726864552,0.1126169294412006,0.23168340857665198,0.04592687825122524,0.017091413857546645,2.1358992028130794,74.19274883573758
Sélection automatique par sortie,Concentration_liquide_chimique_kg,22.62513333333333,0.03333333333333333,25.88194733224274,56.053717670001454,18.064334997755807,1.7420199158437053,0.11381775583339507,0.23256700876555,0.046563950797144905,0.01732883238622754,2.152297463626023,74.11805266775727
Sélection automatique par sortie,Concentration_liquide_chimique_kg,24.301266666666663,0.06666666666666667,25.956579578783376,55.93262847671896,18.110791944497684,1.755459259000955,0.11501858222558956,0.23345060895444805,0.04720102334306457,0.01756625091490843,2.1686957244389657,74.04342042121664
Sélection automatique par sortie,Concentration_liquide_chimique_kg,25.9774,0.1,26.031147985900635,55.811642861509355,18.157209152589992,1.768898602158205,0.11621940861778404,0.23433420914334607,0.04783809588898423,0.01781791963769324,2.1851082354460125,73.96885201409935
Sélection automatique par sortie,Concentration_liquide_chimique_kg,27.653533333333332,0.13333333333333333,26.105652635470616,55.69076069153056,18.203586672998814,1.7823379453154549,0.11742023500997853,0.23521780933224412,0.0484751684349039,0.018055338166374134,2.2015064962589554,73.89434736452938
Sélection automatique par sortie,Concentration_liquide_chimique_kg,29.329666666666665,0.16666666666666666,26.180093609229402,55.569981834167514,18.249924556603084,1.795777288472705,0.11862106140217303,0.23610140952114217,0.04911224098082356,0.018292756695055024,2.2179047570718984,73.8199063907706
Sélection automatique par sortie,Concentration_liquide_chimique_kg,31.0058,0.2,26.25447098877346,55.449306157031714,18.296222854194824,1.8092166316299547,0.11982188779436753,0.2369850097100402,0.04974931352674322,0.01857825719715017,2.2343510998582556,73.74552901122654
Sélection automatique par sortie,Concentration_liquide_chimique_kg,32.68193333333333,0.23333333333333334,26.32878485555989,55.3287335279608,18.342481616479304,1.8226559747872046,0.121022714186562,0.238900964892212,0.05038638607266289,0.018886821381765968,2.2518528613204074,73.67121514444011
Sélection automatique par sortie,Concentration_liquide_chimique_kg,34.358066666666666,0.26666666666666666,26.403035290906743,55.208263815018014,18.38870089407524,1.8360953179444546,0.12222354057875649,0.23978456508111,0.05102345861858255,0.019108489946404825,2.2682353721693085,73.59696470909326
Sélection automatique par sortie,Concentration_liquide_chimique_kg,36.0342,0.3,26.477222375993303,55.08789688649174,18.43488073751496,1.8495346611017043,0.123424366970951,0.24438732014789855,0.051660531164502206,0.019345908475085716,2.2883527878601417,73.5227776240067
Sélection automatique par sortie,Concentration_liquide_chimique_kg,37.71033333333333,0.3333333333333333,26.555953544804623,54.97717093268544,18.466875522509937,1.8629740042589542,0.12462519336314548,0.2452709203367966,0.05229760371042187,0.019642664571472554,2.3048103862407907,73.44404645519538
Sélection automatique par sortie,Concentration_liquide_chimique_kg,39.386466666666664,0.36666666666666664,26.6468890516298,54.891723555658906,18.461387392711302,1.8764133474162041,0.12582601975533997,0.25083844571647373,0.05293467625634154,0.019880083100153448,2.325892572244513,73.35311094837022
Sélection automatique par sortie,Concentration_liquide_chimique_kg,41.0626,0.4,26.737862157371683,54.80624084888137,18.455896993746943,1.889852690573454,0.12702684614753446,0.250648669555952,0.0535717488022612,0.020117501628834338,2.341217456708036,73.26213784262832
Sélection automatique par sortie,Concentration_liquide_chimique_kg,42.73873333333333,0.43333333333333335,26.82887288535403,54.72072279043675,18.450404324209227,1.9032920337307038,0.12822767253972894,0.2512726285764962,0.054208821348180856,0.020446019701445863,2.357447175896556,73.17112711464598
Sélection automatique par sortie,Concentration_liquide_chimique_kg,44.41486666666667,0.4666666666666667,26.92035635198517,54.63605239898665,18.44359124902818,1.916731376887954,0.12942849893192346,0.25108285241597444,0.05484589389410053,0.020649649047300465,2.3727382711772527,73.07964364801484
Sélection automatique par sortie,Concentration_liquide_chimique_kg,46.091,0.5,27.016044857348135,54.55975403372944,18.424201108922425,1.9301707200452038,0.13062932532411795,0.2508930762554527,0.055482966440020196,0.020887067575981355,2.3880631556407756,72.98395514265187
Sélection automatique par sortie,Concentration_liquide_chimique_kg,47.767133333333334,0.5333333333333333,27.111805583558173,54.48339808232279,18.404796334119023,1.9436100632024536,0.13183015171631243,0.25070330009493097,0.05612003898593985,0.02123722550687537,2.403500779506512,72.88819441644182
Sélection automatique par sortie,Concentration_liquide_chimique_kg,49.443266666666666,0.5666666666666667,27.207638612409124,54.406984479547425,18.38537690804344,1.9570494063597035,0.13303097810850692,0.2512351413774106,0.056757111531859514,0.021629473685728588,2.4197021110632093,72.79236138759086
Sélection automatique par sortie,Concentration_liquide_chimique_kg,51.1194,0.6,27.30354402581838,54.33051316008553,18.36594281409608,1.9704887495169536,0.13423180450070143,0.25160622001508737,0.05739418407777918,0.02190252636623571,2.4356234844767575,72.69645597418162
Sélection automatique par sortie,Concentration_liquide_chimique_kg,52.79553333333334,0.6333333333333333,27.399521905827132,54.253984058520594,18.346494035652277,1.9839280926742033,0.1354326308928959,0.2525907707359087,0.05803125662369884,0.02220932903480094,2.4521920799615073,72.60047809417287
Sélection automatique par sortie,Concentration_liquide_chimique_kg,54.471666666666664,0.6666666666666666,27.495572334600592,54.17739710933718,18.32703055606221,1.9973674358314533,0.13663345728509038,0.25362402890573416,0.058668329169618505,0.022481862003221262,2.4687751131951177,72.50442766539939
Sélection automatique par sortie,Concentration_liquide_chimique_kg,56.147800000000004,0.7,27.591695394428257,54.10075224692085,18.30755235865091,2.0108067789887034,0.1378342836772849,0.2539135996678678,0.05930540171553817,0.022732631966988274,2.484592696016383,72.40830460557176
Sélection automatique par sortie,Concentration_liquide_chimique_kg,57.823933333333336,0.7333333333333333,27.687891167724082,54.024049405557776,18.288059426718146,2.024246122145953,0.13903511006947938,0.2545531272268468,0.05994247426145784,0.02312887965000695,2.5009057133537445,72.31210883227592
Sélection automatique par sortie,Concentration_liquide_chimique_kg,59.50006666666667,0.7666666666666666,27.78415973702679,53.94728851943477,18.268551743538435,2.037685465303203,0.14023593646167387,0.2553854116549832,0.06057954680737749,0.0234709061777049,2.5173572664049426,72.2158402629732
Sélection automatique par sortie,Concentration_liquide_chimique_kg,61.1762,0.8,27.88050118500007,53.87046952263897,18.24902929236097,2.051124808460453,0.14143676285386836,0.25449746584299004,0.06121661935329716,0.023721676141471908,2.53199733265208,72.11949881499994
Sélection automatique par sortie,Concentration_liquide_chimique_kg,62.852333333333334,0.8333333333333334,27.97691559443279,53.79359234915764,18.229492056409544,2.0645641516177027,0.14263758924606287,0.2531967689069751,0.06185369189921683,0.024052954993661682,2.546305156663619,72.02308440556719
Sélection automatique par sortie,Concentration_liquide_chimique_kg,64.52846666666667,0.8666666666666667,28.0734030482393,53.71665693287811,18.20994001888258,2.0780034947749524,0.14383841563825736,0.2546814436702277,0.06249076444513649,0.024328379340556996,2.563342497869131,71.92659695176069
Sélection automatique par sortie,Concentration_liquide_chimique_kg,66.2046,0.9,28.169963629459602,53.63966320758741,18.190373162952987,2.0914428379322025,0.14503924203045185,0.2628785347009577,0.06312783699105615,0.024634433247650522,2.5871228849023185,71.8300363705404
Sélection automatique par sortie,Concentration_liquide_chimique_kg,67.88073333333334,0.9333333333333333,28.266597421259625,53.562611106972184,18.170791471768183,2.1048821810894522,0.14624006842264634,0.26876335900225967,0.06376490953697582,0.02488520321141753,2.608535721262752,71.73340257874037
Sélection automatique par sortie,Concentration_liquide_chimique_kg,69.55686666666668,0.9666666666666667,28.363304506931463,53.48550056461853,18.15119492845001,2.1183215242467024,0.14744089481484082,0.26664945336768225,0.06440198208289548,0.02519834697849635,2.6220122014906173,71.63669549306854
Sélection automatique par sortie,Concentration_liquide_chimique_kg,71.233,1.0,28.460084969893593,53.408331514011714,18.131583516094707,2.131760867403952,0.14864172120703528,0.2657489784425717,0.06503905462881514,0.025424913255143348,2.6366155349375178,71.53991503010641
Sélection automatique par sortie,Temperature_C,355.395,0.0,31.4916289641165,51.39463694482432,17.113734091059175,0.646042653623367,0.0446803861889047,0.08801241896133272,0.004787342069240218,0.009842534671093486,0.7933653355139382,68.5083710358835
Sélection automatique par sortie,Temperature_C,361.92036666666667,0.03333333333333333,31.23382015019216,51.590634170241096,17.17554567956674,0.7243806300781221,0.049933426745217904,0.09264334752716258,0.007797917311676526,0.010537558173242078,0.8852928798354213,68.76617984980783
Sélection automatique par sortie,Temperature_C,368.4457333333333,0.06666666666666667,30.97424195949022,51.78879248944906,17.23696555106071,0.8034221380985702,0.055235709733339244,0.10599571167887867,0.010848750014425944,0.011125410030370991,0.9866277195555851,69.02575804050977
Sélection automatique par sortie,Temperature_C,374.9711,0.1,30.715556414506203,51.993645907781435,17.290797677712362,0.8831671776847112,0.06058723515326882,0.11733137035539659,0.01393984017748847,0.011769436521356104,1.0867950598922211,69.28444358549379
Sélection automatique par sortie,Temperature_C,381.49646666666666,0.13333333333333333,30.463059865349287,52.21447164895772,17.32246848569301,0.9636157488365444,0.06598800300500648,0.12147536786102447,0.017071187800864078,0.012366523024915584,1.1805168305283549,69.53694013465073
Sélection automatique par sortie,Temperature_C,388.0218333333333,0.16666666666666666,30.208456822668985,52.43742606072305,17.35411711660796,1.0447678515540697,0.07143801328855232,0.13028814777594994,0.020242792884552788,0.012976916146633722,1.2797137216497585,69.79154317733101
Sélection automatique par sortie,Temperature_C,394.5472,0.2,29.951737085580834,52.66251876630292,17.385744148116242,1.1266234858372879,0.07693726600390634,0.1357776185959901,0.023454655428554586,0.013575947189976461,1.3763689730557154,70.04826291441915
Sélection automatique par sortie,Temperature_C,401.07256666666666,0.23333333333333334,29.680359501373225,52.86743925351775,17.452201245109013,1.209182651686199,0.08248576115106854,0.1427731184931555,0.026706775432869506,0.014236997672386831,1.4753853044356795,70.31964049862677
Sélection automatique par sortie,Temperature_C,407.5979333333333,0.26666666666666666,29.405235738426544,53.07102299430745,17.52374126726599,1.2924453491008019,0.08808349873003885,0.1550496353129615,0.029999152897497487,0.01487744384685747,1.5804550798881571,70.59476426157343
Sélection automatique par sortie,Temperature_C,414.1233,0.3,29.11183629428271,53.24658368444215,17.641580021275146,1.376411578081098,0.09373047874081737,0.1714403644616965,0.033331787822438584,0.015522090211003797,1.690436299317054,70.88816370571729
Sélection automatique par sortie,Temperature_C,420.64866666666666,0.3333333333333333,28.816207794705562,53.42266863334866,17.761123571945795,1.4610813386270867,0.09942670118340406,0.17663967222594265,0.03670468020769279,0.01647900976746143,1.7903314020115875,71.18379220529445
Sélection automatique par sortie,Temperature_C,427.17403333333334,0.36666666666666664,28.51891701445199,53.600305822572935,17.880777162975082,1.546454630738768,0.10517216605779892,0.18288808521273656,0.04011783005326009,0.01717634670101325,1.891809058763577,71.48108298554801
Sélection automatique par sortie,Temperature_C,433.69939999999997,0.4,28.219961652925758,53.77949625729592,18.00054208977832,1.6325314544161411,0.11096687336400188,0.193700836063036,0.04357123735914045,0.018043910588012003,1.9988143117903314,71.78003834707424
Sélection automatique par sortie,Temperature_C,440.22476666666665,0.43333333333333335,27.919378398507487,53.96031640174667,18.12030519974584,1.7193118096592077,0.11681082310201306,0.2096938275552543,0.04706490212533396,0.01885755694905497,2.1117389193908638,72.08062160149251
Sélection automatique par sortie,Temperature_C,446.75013333333334,0.4666666666666667,27.62148763200783,54.15124523166417,18.227267136327995,1.8067956964679666,0.12270401527183239,0.2211082703612225,0.05059882435184054,0.019630607545879166,2.220837413998741,72.37851236799216
Sélection automatique par sortie,Temperature_C,453.27549999999997,0.5,27.32177639533039,54.34368593255847,18.33453767211113,1.8949831148424174,0.12864644987345986,0.23634161939407278,0.0541730040386602,0.020519773829710822,2.334663961978321,72.6782236046696
Sélection automatique par sortie,Temperature_C,459.80086666666665,0.5333333333333333,27.020243216661726,54.537639400553836,18.442117382784424,1.983874064782562,0.13463812690689553,0.25818295255392687,0.057787441185792994,0.02145502441508181,2.4559376098442596,72.97975678333826
Sélection automatique par sortie,Temperature_C,466.32623333333333,0.5666666666666667,26.716886603412973,54.73310654908519,18.550006847501848,2.0734685462883986,0.14067904637213935,0.26540051019393895,0.06144213579323887,0.02183236747928541,2.5628226061270016,73.28311339658704
Sélection automatique par sortie,Temperature_C,472.85159999999996,0.6,26.411705042195806,54.930088308911714,18.658206648892477,2.1637665593599267,0.14676920826919126,0.27150320294000235,0.06513708786099781,0.022322916761103914,2.6694989751912215,73.5882949578042
Sélection automatique par sortie,Temperature_C,479.37696666666665,0.6333333333333333,26.104696998797905,55.12858562813107,18.766717373071025,2.2547681039971486,0.15290861259805144,0.27939602876202113,0.06887229738906989,0.023118749420301125,2.779063792166592,73.8953030012021
Sélection automatique par sortie,Temperature_C,485.90233333333333,0.6666666666666666,25.795860918157707,55.32859947219395,18.875539609648353,2.3464731802000633,0.15909725935871977,0.2896682259541371,0.07264776437745507,0.02392375211402317,2.891810182004398,74.2041390818423
Sélection automatique par sortie,Temperature_C,492.42769999999996,0.7,25.485195224338653,55.530130823919244,18.984673951742113,2.4388817879686693,0.1653351485511962,0.3005371681449172,0.0764634888261533,0.02471816515034946,3.0059357586412854,74.51480477566136
Sélection automatique par sortie,Temperature_C,498.95306666666664,0.7333333333333333,25.172698320502775,55.73318068350967,19.09412099598755,2.531993927302969,0.17162228017548084,0.3109286946850792,0.08031947073516467,0.025772731464572835,3.120637104363267,74.82730167949722
Sélection automatique par sortie,Temperature_C,505.4784333333333,0.7666666666666666,24.858368588883764,55.93775006856794,19.203881342548314,2.625809598202961,0.17795865423157364,0.3288787250041997,0.08421571010448911,0.026728821835708013,3.243591509378931,75.14163141111625
Sélection automatique par sortie,Temperature_C,512.0038,0.8,24.542204390759313,56.143840014113266,19.313955595127425,2.7203288006686446,0.18434427071947454,0.33782636838464175,0.08815220693412665,0.027749854532716042,3.358401501239604,75.45779560924069
Sélection automatique par sortie,Temperature_C,518.5291666666667,0.8333333333333334,24.224204066423,56.351451572598656,19.42434436097834,2.815551534700023,0.19077912963918378,0.3544184605537787,0.09212896122407735,0.029153669589172003,3.482031755706235,75.775795933577
Sélection automatique par sortie,Temperature_C,525.0545333333333,0.8666666666666667,23.904365935155507,56.5605858139284,19.535048250916088,2.9114778002970914,0.19726323099070098,0.36070396378933656,0.09614597297434105,0.029993059609861095,3.5955840276613307,76.09563406484449
Sélection automatique par sortie,Temperature_C,531.5799,0.9,23.582688295195176,56.77124382547629,19.64606787932853,3.0081075974598535,0.2037965747740264,0.3787010155806959,0.10020324218491787,0.030937590416180334,3.7217460204156736,76.41731170480482
Sélection automatique par sortie,Temperature_C,538.1052666666667,0.9333333333333333,23.25916942370809,56.98342671210419,19.75740386418773,3.105440926188309,0.21037916098916007,0.40371319836219705,0.10430076885580783,0.0318768743434725,3.855710928738946,76.74083057629193
Sélection automatique par sortie,Temperature_C,544.6306333333333,0.9666666666666667,22.93380757675745,57.19713559618119,19.869056827061364,3.2034777864824555,0.21701098963610183,0.4137650328427278,0.10843855298701086,0.03280183711553553,3.9754941990638315,77.06619242324255
Sélection automatique par sortie,Temperature_C,551.156,1.0,22.60660098927238,57.41237161760326,19.981027393124357,3.3022181783422946,0.2236920607148517,0.4196182388348717,0.11261659457852695,0.03391490103205454,4.092059973502599,77.39339901072762
Sélection automatique par sortie,Temps_reaction_min,11.316500000000001,0.0,26.770850277871002,54.49752525656486,18.731624465564117,1.9319299203462448,0.1346333896743736,0.2427832255389667,0.05496715544795169,0.02132783627921721,2.3856415272867544,73.22914972212898
Sélection automatique par sortie,Temps_reaction_min,11.961983333333334,0.03333333333333333,26.81029542450912,54.49398048303743,18.69572409245344,1.93079363716289,0.13413919666179153,0.24303541400558257,0.055110457546479884,0.02133622398499257,2.3844149293617365,73.18970457549088
Sélection automatique par sortie,Temps_reaction_min,12.607466666666667,0.06666666666666667,26.846969026742837,54.490611097712154,18.662419875545,1.9301271654428427,0.13371246631870706,0.2433392544542432,0.055243750090083074,0.021351304742283216,2.383773941048159,73.15303097325716
Sélection automatique par sortie,Temps_reaction_min,13.25295,0.1,26.881125400741816,54.48740106526967,18.631473533988505,1.929886941368798,0.13334694309020417,0.24438288055172278,0.05536796122644626,0.021305162159821676,2.384289888396993,73.11887459925818
Sélection automatique par sortie,Temps_reaction_min,13.898433333333333,0.13333333333333333,26.91298534119374,54.48433646505689,18.602678193749362,1.9300351928501454,0.13303720308550093,0.2454324353798246,0.05548389570778416,0.02125688833337401,2.385245615356629,73.08701465880625
Sélection automatique par sortie,Temps_reaction_min,14.543916666666668,0.16666666666666666,26.942741779176824,54.481405134068325,18.575853086754844,1.9305389562773585,0.1327785128886026,0.24648741586349404,0.05559225583935294,0.021210326869089604,2.386607467737898,73.05725822082317
Sélection automatique par sortie,Temps_reaction_min,15.189400000000001,0.2,26.970564293099713,54.47859638231213,18.550839324588146,1.9313692934625066,0.13256671711472034,0.24754738036176158,0.05569365816290209,0.021131965866213943,2.388309014968105,73.02943570690027
Sélection automatique par sortie,Temps_reaction_min,15.834883333333334,0.23333333333333334,26.99660274106673,54.475900763622434,18.52749649531083,1.9325006617647167,0.1323981479633132,0.24861193905489465,0.055788646876448716,0.021072189695937306,2.3903715853553105,73.00339725893326
Sélection automatique par sortie,Temps_reaction_min,16.48036666666667,0.26666666666666666,27.02099021247914,54.47330988943283,18.505699898088032,1.9339104027905503,0.1322695517979178,0.24968074614118407,0.05587770472775729,0.021107287163492854,2.3928456926209023,72.97900978752085
Sélection automatique par sortie,Temps_reaction_min,17.12585,0.3,27.04384544657266,54.470816276189055,18.485338277238302,1.9355783238520796,0.13217802904553874,0.2507156659191507,0.05596126193157285,0.021114697222767532,2.395547977971109,72.95615455342735
Sélection automatique par sortie,Temps_reaction_min,17.77133333333333,0.3333333333333333,27.065274829488374,54.468413219357465,18.466311951154157,1.9374863526944772,0.13212098461718888,0.2507707364265376,0.0560397035258126,0.021156294226144245,2.3975740714901606,72.93472517051163
Sélection automatique par sortie,Temps_reaction_min,18.416816666666666,0.36666666666666664,27.085374055120614,54.466094688649704,18.44853125622969,1.9396182506205875,0.13209608671395548,0.2507909068229576,0.05611337548358231,0.021183088385538024,2.399801708026621,72.91462594487939
Sélection automatique par sortie,Temps_reaction_min,19.0623,0.4,27.104229515514994,54.46385524031223,18.431915244172767,1.941959372547028,0.13210123237220925,0.250778460206312,0.05618258982529432,0.021207476902406038,2.4022291318532494,72.895770484485
Sélection automatique par sortie,Temps_reaction_min,19.70778333333333,0.43333333333333335,27.12191947204393,54.46168994324839,18.416390584707674,1.9444964650696352,0.13213451846677202,0.25073546271842045,0.056247628920978475,0.02122961216343728,2.4048436873392434,72.87808052795606
Sélection automatique par sortie,Temps_reaction_min,20.353266666666666,0.4666666666666667,27.138515047605864,54.459594316432735,18.4018906359614,1.9472174955343435,0.1321942171663161,0.2506637901920471,0.056308749132007715,0.02126277880953503,2.4076470308342497,72.86148495239414
Sélection automatique par sortie,Temps_reaction_min,20.99875,0.5,27.154081071725358,54.45756427560639,18.38835465266825,1.9501115065705308,0.13227875504505143,0.25056515082845077,0.05636618391033384,0.02128081024713709,2.4106024066015035,72.84591892827464
Sélection automatique par sortie,Temps_reaction_min,21.644233333333332,0.5333333333333333,27.168676803994273,54.455596087647876,18.375727108357854,1.9531684916665812,0.132386695215974,0.25187948845177643,0.05642014644940878,0.021392186575205717,2.415247008358946,72.83132319600573
Sélection automatique par sortie,Temps_reaction_min,22.289716666666664,0.5666666666666667,27.18235655630165,54.453686331329244,18.36395711236911,1.9563792882375461,0.13251672197589556,0.254257920353512,0.056470831962428594,0.021600360910267766,2.4212251234396502,72.81764344369836
Sélection automatique par sortie,Temps_reaction_min,22.9352,0.6,27.195170230397455,54.45183186341345,18.352997906189085,1.9597354853144935,0.13266762755007766,0.25408722841417664,0.05651841964905544,0.021812592392042342,2.4248213533198455,72.80482976960253
Sélection automatique par sortie,Temps_reaction_min,23.580683333333333,0.6333333333333333,27.20716378426149,54.45002978924314,18.34280642649538,1.963229343520066,0.1328383006011062,0.25389507576849807,0.05656307440037605,0.022028665066745872,2.4285544593567923,72.79283621573852
Sélection automatique par sortie,Temps_reaction_min,24.226166666666664,0.6666666666666666,27.219904786687145,54.45132837928225,18.328766834030603,1.9668537254187284,0.1330277162275213,0.25368257510826986,0.05660494828282259,0.022248379776728076,2.4324173448140702,72.78009521331285
Sélection automatique par sortie,Temps_reaction_min,24.87165,0.7,27.232755849837034,54.45436837918403,18.312875770978938,1.9706020346683852,0.13323492722628216,0.2524137125226816,0.05664418183457613,0.022471552462604412,2.4353664087145295,72.76724415016297
Sélection automatique par sortie,Temps_reaction_min,25.517133333333334,0.7333333333333333,27.24494937384043,54.457538783961155,18.29751184219841,1.9744681626715763,0.13345905643213476,0.25216352481011917,0.05668090520218815,0.022698012674650943,2.4394696617906693,72.75505062615957
Sélection automatique par sortie,Temps_reaction_min,26.162616666666665,0.7666666666666666,27.25651687315304,54.460833221911535,18.28264990493542,1.9784464416436853,0.13369928997843208,0.2518958533021378,0.056715239140484486,0.022927602263254847,2.4436844263279944,72.74348312684695
Sélection automatique par sortie,Temps_reaction_min,26.808099999999996,0.8,27.267487658527322,54.464245766373594,18.26826657509909,1.982531603193643,0.1339548713495222,0.25106087142265215,0.056747295895022934,0.023160174223181448,2.4474548160840217,72.73251234147268
Sélection automatique par sortie,Temps_reaction_min,27.45358333333333,0.8333333333333334,27.27788903828584,54.46777089510908,18.254340066605074,1.9867187416579484,0.13422509611568945,0.25076063972666607,0.056777179983279365,0.023395591670474145,2.451877249154057,72.72211096171415
Sélection automatique par sortie,Temps_reaction_min,28.099066666666666,0.8666666666666667,27.287746497100095,54.47140345422339,18.240850048676513,1.9910032815480645,0.1345093072587574,0.2504452236179296,0.05680498888819615,0.023633726934131072,2.4563965282470788,72.7122535028999
Sélection automatique par sortie,Temps_reaction_min,28.744549999999997,0.9,27.297083855227882,54.47513862602762,18.2277775187445,1.9953809485695801,0.1348068910105791,0.2515493492772018,0.05683081367563274,0.023874460747445377,2.462442463280439,72.70291614477212
Sélection automatique par sortie,Temps_reaction_min,29.39003333333333,0.9333333333333333,27.30592341071941,54.478971900336504,18.215104688944077,1.999847743752922,0.13511727313833205,0.25428434355516255,0.056854739545522934,0.024086962163450576,2.4701910621553904,72.69407658928058
Sélection automatique par sortie,Temps_reaction_min,30.035516666666663,0.9666666666666667,27.31428606673406,54.48289904877004,18.202814884495897,2.0043999203031486,0.1354399156202596,0.25426356541965717,0.05687684632510106,0.024358008002656476,2.475338255670823,72.68571393326593
Sélection automatique par sortie,Temps_reaction_min,30.680999999999997,1.0,27.316193299877625,54.47495437913229,18.208852320990086,2.009033962832915,0.1357743136636242,0.25497355123370835,0.056897208911353366,0.024605895525948922,2.481284932167549,72.68380670012237
Sélection automatique par sortie,Heating_rate_C_min,6.76,0.0,28.528510315614064,54.441172450932285,17.030317233453648,1.9717812055649044,0.1347024733751051,0.23755869833919308,0.05780412575536962,0.0201675103552217,2.422014013389794,71.47148968438593
Sélection automatique par sortie,Heating_rate_C_min,7.466716666666667,0.03333333333333333,28.428974467555737,54.443733847480516,17.127291684963748,1.970056904655102,0.1345227774524906,0.23921774243235927,0.057697230632897265,0.020201004104195928,2.4216956592770447,71.57102553244427
Sélection automatique par sortie,Heating_rate_C_min,8.173433333333334,0.06666666666666667,28.329461479600468,54.4462946557604,17.22424386463913,1.9683326037452997,0.13434308152987612,0.241095649839,0.05759033551042492,0.020281957290383814,2.4216436279149844,71.67053852039953
Sélection automatique par sortie,Heating_rate_C_min,8.88015,0.1,28.229971343873856,54.44885487597456,17.321173780151586,1.9666083028354973,0.13416338560726163,0.24148624229818094,0.05748344038795258,0.020409737841190025,2.420151108970082,71.77002865612614
Sélection automatique par sortie,Heating_rate_C_min,9.586866666666667,0.13333333333333333,28.130504052505096,54.45141450832556,17.418081439169352,1.9648840019256948,0.13398368968464713,0.24187683475736182,0.05737654526548022,0.020443231590164253,2.418564303223348,71.86949594749491
Sélection automatique par sortie,Heating_rate_C_min,10.293583333333334,0.16666666666666666,28.031059597627006,54.453973553015835,17.51496684935717,1.9631597010158925,0.13380399376203264,0.24226742721654274,0.057269650143007875,0.020525691673797846,2.4170264638112733,71.96894040237301
Sélection automatique par sortie,Heating_rate_C_min,11.0003,0.2,27.931637971376013,54.456532010247734,17.611830018376256,1.96143540010609,0.13362429783941818,0.24265801967572367,0.05716275502053553,0.020559185422772075,2.4154396580645394,72.068362028624
Sélection automatique par sortie,Heating_rate_C_min,11.707016666666668,0.23333333333333334,27.832239165892158,54.45908988022354,17.708670953884308,1.9597110991962876,0.13344460191680368,0.24262704666905102,0.05705585989806318,0.02057692921266196,2.4134155368928676,72.16776083410784
Sélection automatique par sortie,Heating_rate_C_min,12.413733333333333,0.26666666666666666,27.73286317331908,54.46164716314539,17.805489663535507,1.9579867982864854,0.1332649059941892,0.2427693936531817,0.05694896477559083,0.020669871660627254,2.411639934370074,72.2671368266809
Sélection automatique par sortie,Heating_rate_C_min,13.120450000000002,0.3,27.633509985804043,54.46420385921542,17.90228615498053,1.956262497376683,0.1330852100715747,0.24411303711949636,0.056842069653118485,0.020752168416840643,2.411054982637713,72.36649001419595
Sélection automatique par sortie,Heating_rate_C_min,13.827166666666667,0.3333333333333333,27.5341795954979,54.46675996863557,17.999060435866525,1.9545381964668804,0.1329055141489602,0.24545668058581102,0.05673517453064614,0.020834465173054033,2.410470030905352,72.4658204045021
Sélection automatique par sortie,Heating_rate_C_min,14.533883333333335,0.36666666666666664,27.419783215286657,54.43935816290145,18.140858621811883,1.952813895557078,0.13272581822634572,0.24680032405212568,0.05662827940817379,0.02102009029535223,2.409988407539075,72.58021678471333
Sélection automatique par sortie,Heating_rate_C_min,15.2406,0.4,27.32273793919696,54.44626564031272,18.23099642049032,1.9510895946472757,0.13254612230373125,0.24814396751844034,0.05652138428570144,0.02110238705156562,2.4094034558067143,72.67726206080303
Sélection automatique par sortie,Heating_rate_C_min,15.947316666666667,0.43333333333333335,27.2256994049616,54.45317263785305,18.321127957185343,1.9493652937374732,0.13236642638111673,0.249487610984755,0.056414489163229095,0.02118468380777901,2.4088185040743535,72.7743005950384
Sélection automatique par sortie,Heating_rate_C_min,16.654033333333334,0.4666666666666667,27.12866761187806,54.46007915557247,18.41125323254947,1.947640992827671,0.13218673045850227,0.25083125445106963,0.05630759404075675,0.021278724211047536,2.4082452959890475,72.87133238812194
Sélection automatique par sortie,Heating_rate_C_min,17.360750000000003,0.5,27.031642559243913,54.466985193520955,18.501372247235125,1.9459166919178685,0.13200703453588777,0.2521748979173843,0.0562006989182844,0.021329851363289028,2.407629174652714,72.96835744075608
Sélection automatique par sortie,Heating_rate_C_min,18.067466666666668,0.5333333333333333,26.94143416583962,54.487663463279226,18.570902370881136,1.944192391008066,0.13182733861327328,0.2525460005290272,0.05609380379581205,0.021307846153940258,2.405967380100119,73.05856583416036
Sélection automatique par sortie,Heating_rate_C_min,18.774183333333333,0.5666666666666667,26.852730052548544,54.51148436080778,18.635785586643667,1.9424680900982638,0.1316476426906588,0.2507339983914978,0.05598690867333971,0.02121525087998559,2.4020518907337456,73.14726994745145
Sélection automatique par sortie,Heating_rate_C_min,19.480900000000002,0.6,26.763977025091656,54.53531839390906,18.700704580999297,1.9407437891884614,0.1314679467680443,0.2489219962539684,0.05588001355086736,0.021110948914423427,2.3981246946757646,73.23602297490835
Sélection automatique par sortie,Heating_rate_C_min,20.18761666666667,0.6333333333333333,26.675175042998607,54.5591655734511,18.765659383550293,1.9390194882786589,0.1312882508454298,0.2460729518407108,0.05577311842839501,0.021006646948861264,2.393160456342056,73.3248249570014
Sélection automatique par sortie,Heating_rate_C_min,20.894333333333336,0.6666666666666666,26.586324065754457,54.583025910313935,18.83065002393161,1.9372951873688564,0.13110855492281534,0.24426094970318138,0.05566622330592266,0.020902344983299105,2.389233260284075,73.41367593424555
Sélection automatique par sortie,Heating_rate_C_min,21.60105,0.7,26.497424052799506,54.606899415389584,18.895676531810906,1.9355708864590542,0.13092885900020085,0.24189829977173635,0.055559328183450316,0.020798043017736943,2.3847554164321787,73.50257594720048
Sélection automatique par sortie,Heating_rate_C_min,22.30776666666667,0.7333333333333333,26.40847496352928,54.630786099582124,18.96073893688859,1.9338465855492517,0.13074916307758636,0.23968549087942842,0.05545243306097797,0.02066454099930951,2.380398213566554,73.59152503647071
Sélection automatique par sortie,Heating_rate_C_min,23.014483333333338,0.7666666666666666,26.319476757294474,54.654685973807666,19.025837268897874,1.9321222846394492,0.13056946715497186,0.23622112095090014,0.05534553793850562,0.02049649364215803,2.3747549043259846,73.68052324270553
Sélection automatique par sortie,Heating_rate_C_min,23.721200000000003,0.8,26.230429393400854,54.67859904899433,19.090971557604814,1.930397983729647,0.13038977123235737,0.23297443036130677,0.05523864281603327,0.020359936328555782,2.3693607644679,73.76957060659915
Sélection automatique par sortie,Heating_rate_C_min,24.42791666666667,0.8333333333333334,26.141332831109246,54.70252533608238,19.15614183280836,1.9286736828198445,0.13021007530974288,0.2311624282237774,0.05513174769356092,0.020281076952943376,2.365459010999869,73.85866716889075
Sélection automatique par sortie,Heating_rate_C_min,25.134633333333333,0.8666666666666667,26.052187029635437,54.72646484602416,19.221348124340402,1.926949381910042,0.1300303793871284,0.22935042608624798,0.05502485257108858,0.020151555365743763,2.3615065953202503,73.94781297036457
Sélection automatique par sortie,Heating_rate_C_min,25.841350000000006,0.9,25.962991948150112,54.750417589784064,19.286590462065803,1.9252250810002396,0.1298506834645139,0.22815181253802724,0.05491795744861623,0.020047253400181597,2.358192787851578,74.03700805184987
Sélection automatique par sortie,Heating_rate_C_min,26.54806666666667,0.9333333333333333,25.873747545778826,54.77438357833872,19.35186887588247,1.9235007800904373,0.1296709875418994,0.2270709676724416,0.05481106232614388,0.019942951434619438,2.3549967490655415,74.12625245422119
Sélection automatique par sortie,Heating_rate_C_min,27.254783333333336,0.9666666666666667,25.784453781601883,54.798362822676765,19.417183395721356,1.9217764791806349,0.1294912916192849,0.22599012280685593,0.05470416720367153,0.019838649469057276,2.3518007102795044,74.21554621839812
Sélection automatique par sortie,Heating_rate_C_min,27.9615,1.0,25.687658117761355,54.806454898929644,19.505886983309,1.9200521782708326,0.12931159569667044,0.22490927794127027,0.05459727208119918,0.019734347503495113,2.3486046714934674,74.31234188223864
Sélection automatique par sortie,Taille_particules_mm,0.57,0.0,26.920015759539744,54.96266476717946,18.117319473280787,2.087503338322774,0.14900039700756326,0.2563233059500761,0.05960287882238822,0.02366005376648628,2.576089973869288,73.07998424046025
Sélection automatique par sortie,Taille_particules_mm,0.6910999999999998,0.03333333333333333,26.834005956798904,55.00630661503963,18.159687428161476,2.06077884666563,0.145274331729986,0.25716816840522094,0.059303163127714706,0.022564984330804946,2.5450894942593565,73.1659940432011
Sélection automatique par sortie,Taille_particules_mm,0.8121999999999998,0.06666666666666667,26.793635210863066,55.02374137689749,18.182623412239458,2.041349959850861,0.14264130443734635,0.2575474490742077,0.05903671291983972,0.021830848225571128,2.522406274507826,73.20636478913696
Sélection automatique par sortie,Taille_particules_mm,0.9332999999999998,0.1,26.781145405201435,55.025165259713695,18.19368933508486,2.0263767622680144,0.14067583489828486,0.25736362269574287,0.058790579145560753,0.021317147134111106,2.504523946141714,73.21885459479856
Sélection automatique par sortie,Taille_particules_mm,1.0543999999999998,0.13333333333333333,26.786938086269142,55.01608942262881,18.196972491102063,2.0143240188090124,0.13914791198621296,0.25654036903716143,0.05855776165282409,0.021038754104641268,2.489608815589852,73.21306191373087
Sélection automatique par sortie,Taille_particules_mm,1.1754999999999995,0.16666666666666666,26.797322894405912,54.983240864642546,18.219436240951534,2.004289133996873,0.1379223075517599,0.2563201550342119,0.058334144911996115,0.02109148345344333,2.477957224948284,73.20267710559408
Sélection automatique par sortie,Taille_particules_mm,1.2965999999999995,0.2,26.808680849901133,54.92854534406288,18.26277380603598,1.9957067152306358,0.1369143136642463,0.25600724936955704,0.05811715092433517,0.021135167779948227,2.467880596968722,73.19131915009886
Sélection automatique par sortie,Taille_particules_mm,1.4176999999999995,0.23333333333333334,26.82853180964545,54.87358056228016,18.297887628074392,1.988204553358522,0.1360681654145213,0.255625405221371,0.05790508254218973,0.021172124962833088,2.458975331499437,73.17146819035455
Sélection automatique par sortie,Taille_particules_mm,1.5387999999999993,0.26666666666666666,26.854863849177033,54.818410576451946,18.326725574371018,1.9815276072253234,0.13534565217078837,0.2548722159779214,0.0576967768642836,0.02120394323401704,2.4506461954723338,73.14513615082296
Sélection automatique par sortie,Taille_particules_mm,1.6598999999999995,0.3,26.886253932366884,54.76308069425751,18.350665373375605,1.9754952630121663,0.13471971411156608,0.2542120847192752,0.05749141035278311,0.021231747339943215,2.4431502195357333,73.11374606763312
Sélection automatique par sortie,Taille_particules_mm,1.7809999999999993,0.3333333333333333,26.921667143745825,54.7076238660929,18.370708990161265,1.9699760306137444,0.13417065120062047,0.24698711996665298,0.057288383457348456,0.021256356116231005,2.429678541354597,73.07833285625416
Sélection automatique par sortie,Taille_particules_mm,1.902099999999999,0.36666666666666664,26.960332814266945,54.65206462907399,18.387602556659054,1.9648719059701796,0.13368378032908826,0.24792321355085986,0.05708724931266408,0.021278379868993457,2.424844529031785,73.03966718573304
Sélection automatique par sortie,Taille_particules_mm,2.023199999999999,0.4,27.001665243804375,54.59642163113429,18.401913125061334,1.9601083494179001,0.13324793385762634,0.24874746923340432,0.056887668043113356,0.02129828278320821,2.4202897033352526,72.99833475619562
Sélection automatique par sortie,Taille_particules_mm,2.144299999999999,0.43333333333333335,27.04521134923178,54.54070929784558,18.41407935292265,1.9556276598947575,0.13285446693031644,0.24947883525365297,0.0566893765513983,0.021316424183897124,2.4159667628140222,72.95478865076822
Sélection automatique par sortie,Taille_particules_mm,2.2653999999999987,0.4666666666666667,27.095052922410094,54.49386427839347,18.411082799196432,1.9513844742897404,0.1324965831807816,0.25013220823662224,0.056492167997098816,0.021291723009762644,2.4117971567140057,72.9049470775899
Sélection automatique par sortie,Taille_particules_mm,2.386499999999999,0.5,27.149793761103513,54.45359031487585,18.39661592402063,1.9473426370723839,0.132168865735573,0.25071946116385135,0.056295877523243144,0.02126323353808538,2.4077900750331365,72.85020623889648
Sélection automatique par sortie,Taille_particules_mm,2.5075999999999987,0.5333333333333333,27.205673734994182,54.41277448526789,18.381551779737922,1.9434729769756447,0.1318669441136084,0.2510931914373431,0.056100372118734934,0.02123351410015615,2.403766998745487,72.79432626500581
Sélection automatique par sortie,Taille_particules_mm,2.6286999999999985,0.5666666666666667,27.26253875741593,54.371489357473486,18.3659718851106,1.9397516982267378,0.13158725319806783,0.24934675348833907,0.055905543282910766,0.02120273468370247,2.3977939828797576,72.73746124258409
Sélection automatique par sortie,Taille_particules_mm,2.7497999999999987,0.6,27.320261897049743,54.329794709919945,18.34994339303031,1.9361591968749512,0.13132685589692872,0.24972830581489933,0.055711301628395944,0.021171035331708533,2.394096695546884,72.67973810295025
Sélection automatique par sortie,Taille_particules_mm,2.8708999999999985,0.6333333333333333,27.37873764872692,54.28774022986337,18.333522121409693,1.9326791766966709,0.131083310686588,0.24931733024415795,0.055517572849930905,0.021138532458045176,2.389735922935393,72.62126235127306
Sélection automatique par sortie,Taille_particules_mm,2.9919999999999987,0.6666666666666666,27.437877595991846,54.245367556210596,18.316754847797537,1.9292979798007424,0.130854571322197,0.24935598097018946,0.05532429467215841,0.0211053236293643,2.3859381503946513,72.56212240400814
Sélection automatique par sortie,Taille_particules_mm,3.1130999999999984,0.7,27.497607086332362,54.20271184540074,18.2996810682669,1.9260040734710693,0.13063890995568359,0.2487244399709148,0.055131414509799595,0.02107149123089538,2.381570329138363,72.50239291366765
Sélection automatique par sortie,Taille_particules_mm,3.234199999999998,0.7333333333333333,27.55786265357517,54.15980298539103,18.282334361033808,1.9227876522958898,0.1304348575261891,0.24811926052855895,0.054938887653498275,0.02104438582722387,2.37732504383136,72.44213734642484
Sélection automatique par sortie,Taille_particules_mm,3.3552999999999984,0.7666666666666666,27.61858999862576,54.11666654667673,18.264743454697516,1.919640326457117,0.1302411570591304,0.24753758830710762,0.0547466758485259,0.02104226796469828,2.373208015636579,72.38141000137425
Sélection automatique par sortie,Taille_particules_mm,3.476399999999998,0.8,27.6797423923668,54.073324534485145,18.24693307314804,1.9165548751701122,0.13005672672619284,0.24697696669243285,0.054554746170550464,0.021037722741913078,2.369181037501202,72.32025760763318
Sélection automatique par sortie,Taille_particules_mm,3.597499999999998,0.8333333333333334,27.728798589977252,54.00548796502845,18.26571344499429,1.913525049922115,0.12988063036622946,0.24643526985119424,0.05436307012847037,0.02103099529020456,2.365235015558214,72.27120141002274
Sélection automatique par sortie,Taille_particules_mm,3.718599999999998,0.8666666666666667,27.777334133070795,53.935939359363786,18.286726507565405,1.9105454161571171,0.12971205376626185,0.2459106488697713,0.054171622942551095,0.02105946584992553,2.3613992075856265,72.22266586692919
Sélection automatique par sortie,Taille_particules_mm,3.839699999999998,0.9,27.826166470106347,53.866350570543204,18.307482959350434,1.9076112249192696,0.12955028543091107,0.24540148808551557,0.053980382959162625,0.021048986642623307,2.357592368037482,72.17383352989364
Sélection automatique par sortie,Taille_particules_mm,3.9607999999999977,0.9333333333333333,27.87526565348841,53.796728853030366,18.32800549348123,1.9047183080430214,0.129394700879634,0.2449063694289384,0.053789331172881934,0.02105869612921725,2.3538674056536935,72.12473434651159
Sélection automatique par sortie,Taille_particules_mm,4.081899999999998,0.9666666666666667,27.92460529489075,53.72708059597053,18.348314109138723,1.9018629919999746,0.12924474973913538,0.24442404311317933,0.053598450833663894,0.021045122620496168,2.350175358306449,72.07539470510925
Sélection automatique par sortie,Taille_particules_mm,4.202999999999998,1.0,27.974162052143814,53.657411447941115,18.368426499915067,1.8990420266395929,0.12909994506719868,0.24395340339057736,0.053407727121923,0.021030201522506,2.346533303741798,72.02583794785619
