scenario_id,Concentration_liquide_chimique_kg,Temperature_C,Temps_reaction_min,Heating_rate_C_min,Taille_particules_mm,Solid_Yield_pct,Liquid_Yield_pct,Gas_Yield_pct,HBr_pct,Br2_pct,HCl_pct,Cl2_pct,HF_pct,Toxicity_Index_pct,Valuable_Yield_pct,model,pareto_nondominated
1658,54.94625952422426,357.4597868090022,28.885780168010346,11.327354706337898,2.76,32.79814262765137,50.708763068000785,16.493094304347842,0.5684314279593408,0.04152972909531377,0.0755815817419763,0.0017437830406785218,0.012154626309677528,0.699441148146987,67.20185737234863,Sélection automatique par sortie,True
2309,59.465871761482965,357.56283657940133,28.83092376231038,15.160842515708133,1.84,32.11385055364757,50.76307086878683,17.123078577565586,0.5895124724319007,0.04576248477006094,0.08434097973833013,0.005509441591090548,0.013376259121187322,0.7385016376525697,67.88614944635242,Sélection automatique par sortie,True
880,63.64502611126853,355.5610946700841,24.039662888562898,18.33,1.82,32.10219968311554,50.74928481020477,17.148515506679686,0.6128392968745913,0.046115396625976135,0.0922927486282836,0.006926693529684655,0.012461973360844848,0.7706361090193806,67.89780031688446,Sélection automatique par sortie,True
1014,55.33,359.6776709575412,24.14467285982246,26.39,3.24,31.164248947735132,51.01706259484993,17.818688457414947,0.6400785664615722,0.048138103868217666,0.07790849328054536,0.008142702858365443,0.0106286451693688,0.7848965116380696,68.83575105226488,Sélection automatique par sortie,True
1901,52.79464001939424,355.7791050508109,23.99343261721576,20.434074584596342,1.8147816135496062,31.203450238829415,51.49013428740976,17.306415473760815,0.6356702021868303,0.046442812399404884,0.09186627655628779,0.006788455107605312,0.010351493028828535,0.7911192392789568,68.79654976117058,Sélection automatique par sortie,True
2164,36.02961036501835,360.1177173837099,26.47,21.953476837799922,3.151143385069838,30.419216466465336,52.441492361743116,17.139291171791534,0.6587353190443201,0.04746607643282397,0.0716832129034922,0.005383019412458889,0.009667025099730464,0.7929346528928257,69.58078353353466,Sélection automatique par sortie,True
2289,33.29,357.53274504402464,19.53731139574111,10.72,3.14,31.911159965672404,52.06963772325113,16.019202311076477,0.6852025485265651,0.04464590174632661,0.07363572208994967,0.002468791444242356,0.008895589255840546,0.8148485530629244,68.0888400343276,Sélection automatique par sortie,True
2267,29.96362614175913,355.94189701462517,16.611856193747215,18.200478638862542,2.09,30.20672240128324,52.867015559292646,16.926262039424117,0.6810479060931256,0.04543704822764856,0.082834491993796,0.005105961408231725,0.008982921573855883,0.8234083292966577,69.79327759871677,Sélection automatique par sortie,True
2008,21.132512611672485,362.0258855356346,23.45,21.187243224288526,3.18,29.62100022137135,53.50961781179656,16.869381966832076,0.6971107663200649,0.04653206721476341,0.06982984872753253,0.0048095778832113675,0.00802020140782485,0.826302461553397,70.37899977862864,Sélection automatique par sortie,True
281,28.09,356.8960407009683,22.2,20.412403508941033,1.55,29.533647580387814,53.309666098930364,17.156686320681814,0.6887822274986659,0.04711814329340211,0.07997952123635635,0.005863842280775022,0.008315344383405532,0.8300590786926049,70.46635241961218,Sélection automatique par sortie,True
1437,30.529612778338887,363.21839421034974,16.45,25.447563123484827,2.718540328330578,29.114330157397138,52.74732241490566,18.138347427697187,0.7061622375466019,0.046892608144903467,0.07671444987164855,0.007671608372117077,0.009430449310861842,0.8468713532461328,70.88566984260285,Sélection automatique par sortie,True
1723,30.130196454578957,366.4287732810712,23.081247969208526,21.85,1.98,29.211797569056007,53.342250756499936,17.445951674444064,0.7682916333442378,0.052686558646589166,0.0901309775895357,0.009460437520092575,0.009206825710208765,0.9297764328106641,70.788202430944,Sélection automatique par sortie,True
1733,22.342099495956464,366.96167695476146,22.04,18.56276178110074,1.9733888625314762,29.430266741186426,54.0354271025029,16.534306156310663,0.7867685930012893,0.051611183783121656,0.09562176885394272,0.008125033145129086,0.008434500455380356,0.9505610792388632,70.56973325881356,Sélection automatique par sortie,True
973,24.56464636598004,366.925682345673,29.465840210289475,22.359947434626253,2.11,28.7678699846936,53.973360686302286,17.258769329004114,0.7887335763912198,0.05564001672510917,0.09756199037938149,0.008478745745752858,0.008221364173641289,0.9586356934151046,71.2321300153064,Sélection automatique par sortie,True
2400,26.025767434350417,366.66359744564534,13.419517282915061,23.29239874590381,1.16,28.19687308790785,53.458281608215145,18.34484530387701,0.7958893945948451,0.05496978690430479,0.1010596461184835,0.010569865484541488,0.009202235006920566,0.9716909281090954,71.80312691209215,Sélection automatique par sortie,True
2012,21.998854797480487,365.5351950615835,27.730990008337407,22.345336405336983,0.9987597792832732,28.246931497252877,54.51077570986672,17.242292792880395,0.8141259564554719,0.059095391306818776,0.09327705919961024,0.009363533381259538,0.007450077432735052,0.9833120177758955,71.75306850274711,Sélection automatique par sortie,True
1587,21.247646303637335,375.8380066124213,17.72090030521136,18.48645885839031,2.93,29.43646713180727,53.87184063535077,16.691692232841962,0.8356879361037797,0.054867313444845495,0.10097624724963916,0.010544651878092719,0.009695045904389441,1.0117711945807464,70.56353286819274,Sélection automatique par sortie,True
2165,22.417809203864202,376.5967769916863,22.903997101737524,23.401137368283575,2.3160379557478508,28.199593849223394,54.140967117392556,17.659439033384064,0.8514222734990013,0.05772398471310067,0.08889102606330915,0.012378743469157523,0.009262668490168298,1.0196786962347368,71.80040615077662,Sélection automatique par sortie,True
1533,26.37801984468859,383.59400375904926,15.93,27.218239218405742,2.8107766987720617,27.774690018135317,53.638295911158494,18.58701407070619,0.8784132564264404,0.058379017519007065,0.09853220499655044,0.014616656880657934,0.010693626695341641,1.0606347625179975,72.22530998186468,Sélection automatique par sortie,True
935,22.402946651344866,386.0137455036555,19.581879724032113,26.00552165829888,1.76,27.089342275189217,54.54970096155777,18.360956763253018,0.9317381000739877,0.0635753226826255,0.10302635405277366,0.01700082071864701,0.010128992127082365,1.1254695896551161,72.91065772481079,Sélection automatique par sortie,True
1248,21.437180252817686,393.47888394552854,17.841097946872974,26.553849779832888,3.45,27.46966356686288,54.1537874601369,18.376548973000226,0.9443002891898917,0.06326284066667631,0.10169759169506332,0.016881070487665538,0.01115925247777165,1.1373010445170686,72.53033643313712,Sélection automatique par sortie,True
608,22.035179633353334,382.71018032284724,27.04028512645342,24.230257624863416,1.57,27.378402832051336,54.881934799047556,17.739662368901108,0.9578503435189853,0.06719103835117883,0.1154708664007914,0.015998921773117715,0.00935029710635497,1.1658614671504284,72.62159716794866,Sélection automatique par sortie,True
562,21.340331064401802,382.78301289260224,15.65948487033867,16.56493991074397,1.03,28.503617123299865,54.58867511414154,16.90770776255859,0.9717286653032098,0.06767698511577258,0.10932324495282983,0.01609302266630456,0.009806497613621889,1.1746284156517386,71.49638287670012,Sélection automatique par sortie,True
1464,21.79021138785252,397.5830834414558,20.21,22.709201685856893,1.76,27.109182145005516,54.836330480662795,18.054487374331693,1.0689135992269376,0.07176493048465393,0.11612873286209083,0.02108270612563016,0.010982192519799056,1.2888721612191116,72.89081785499448,Sélection automatique par sortie,True
797,21.14112363507988,400.07946540902395,12.943645828049625,18.777206345814637,2.02,27.70063056837294,54.65767578775581,17.641693643871243,1.0728536204935688,0.07329411677383893,0.12560157409632988,0.021388790064390623,0.011918864887771847,1.3050569663159002,72.29936943162704,Sélection automatique par sortie,True
475,24.489327977775762,404.1216126660341,20.24179593322198,27.93,1.8115949336368817,26.153812909213194,55.0637112387872,18.782475851999614,1.1167270969788716,0.07626323635863298,0.11993428986474561,0.024476208695974264,0.011872882696276277,1.3492737145945006,73.84618709078681,Sélection automatique par sortie,True
1160,21.509551436178384,405.6150948584806,17.326777354282495,23.48309302525268,2.16,26.78265031632091,54.83282690975858,18.38452277392052,1.112171028154278,0.07429338074281801,0.12768662464100677,0.02338187953139107,0.011925710354042942,1.3494586234235368,73.2173496836791,Sélection automatique par sortie,True
2086,24.06,410.82810337700255,18.385727090159335,24.913077046102494,1.31,26.116855827171918,55.236964163166654,18.646180009661425,1.208700619482745,0.08258191609032017,0.14761775103615885,0.02734028333686213,0.012233664173419485,1.4784742341195058,73.88314417282808,Sélection automatique par sortie,True
1933,23.038553293193857,425.0385566813438,11.598797535618973,19.391919494316014,2.52548193376462,26.77955364623279,54.99222360953406,18.228222744233175,1.3020288624150915,0.08945513747080172,0.15668908296755288,0.03084441732816645,0.014733478751668942,1.5937509789332813,73.22044635376723,Sélection automatique par sortie,True
2394,21.47705296535611,419.2052087060173,20.51,18.330406713468346,2.0248968196585673,27.08960150170642,55.31922239745768,17.59117610083591,1.3145356157355903,0.08620712131966837,0.16257674733235045,0.029366127316047794,0.012907340888379727,1.6055929525920367,72.91039849829359,Sélection automatique par sortie,True
2459,25.140693703825402,423.94555010280294,17.2,23.56961577313087,1.91,26.076427084407005,55.25367625324736,18.669896662345646,1.3300343167611093,0.08916304459411871,0.15492937824542388,0.03201925382856395,0.014116454346454855,1.6202624477756709,73.92357291559301,Sélection automatique par sortie,True
148,26.853884184751195,415.3385987992269,25.61,26.50945990211833,1.08,25.733125305023293,55.744551629361816,18.52232306561489,1.3359234747348019,0.09452490568227152,0.16504937452257823,0.031544724449596814,0.012522187178765482,1.639564666568014,74.2668746949767,Sélection automatique par sortie,True
2227,21.039570095897602,433.54641950576666,12.601574455981643,21.344614360466352,2.51,25.971483281861218,55.33298933120991,18.695527386928855,1.3572894758356981,0.0921890526678452,0.1631779378525967,0.03350944038951045,0.015407102824013186,1.661573009569664,74.02851671813876,Sélection automatique par sortie,True
2462,25.494246174642807,432.26041809202087,15.60337775374983,24.752582836824867,2.39,25.754467331453412,55.28350328082387,18.96202938772271,1.3864743024141302,0.09261036940381018,0.15988561951016783,0.0343793001047084,0.01535456701375647,1.688704158446573,74.24553266854659,Sélection automatique par sortie,True
1740,26.23,433.3149155449715,12.137327498976259,24.79,2.14719825952443,25.547019574685464,55.16048395209014,19.29249647322439,1.3906913046413827,0.09382221639989638,0.1643197130754423,0.03437493979149364,0.015710823274108218,1.698918997182323,74.45298042531454,Sélection automatique par sortie,True
1704,21.029580500657964,438.4494560585483,20.35274251143804,23.53437561892581,2.8,25.520097092106575,55.58617541782185,18.89372749007158,1.4595091649946959,0.09652042144277946,0.1676842038600968,0.03622293788420852,0.015602115826179671,1.7755388440079602,74.47990290789343,Sélection automatique par sortie,True
192,23.39233345522262,439.36583184355976,14.91,22.728168786314324,2.03,25.43361853721329,55.654042758320934,18.912338704465775,1.45905713539062,0.09820068532913385,0.17906424988468927,0.03751485249355464,0.016062557962473436,1.7898994810604714,74.56638146278671,Sélection automatique par sortie,True
1645,22.534039464634656,448.08,17.26174429730197,23.310192418089557,2.05,24.89820560822265,56.03529318150939,19.06650121026797,1.560936541197743,0.10432471568635363,0.18764538329206384,0.04137218069518932,0.01678415654171993,1.9110629774130696,75.10179439177736,Sélection automatique par sortie,True
2040,21.760562015179666,448.2290557043091,19.68,20.56039559822414,1.7773099016035503,25.17811740510692,56.10182141239578,18.720061182497293,1.6132410099775956,0.10720082311245116,0.20048194362621535,0.042402354484262286,0.01630671880811417,1.9796328500086384,74.82188259489307,Sélection automatique par sortie,True
796,21.86506203675574,448.6969725699417,23.153368865567018,24.27600769087727,2.1152108071933227,24.617541183169816,56.30061199023997,19.08184682659021,1.629704868183215,0.10839970729313698,0.19698697580020394,0.04248816794088712,0.0164579325710918,1.9940376517885348,75.38245881683018,Sélection automatique par sortie,True
1130,22.46241540906138,452.8896449156765,20.81849418908051,27.93,1.74,23.72195906943878,56.762860964015566,19.515179966545663,1.6352610356831654,0.11038551620640964,0.19682815669239567,0.04421128438014519,0.01613970018950718,2.0028256931516233,76.27804093056123,Sélection automatique par sortie,True
1313,20.96370073319816,452.4637991634296,16.42,15.008723513487318,1.53,25.928025350241292,56.41842699976068,17.653547649998032,1.6622600100449927,0.11228838795132941,0.2065936942219353,0.04507886827426037,0.016552955151033655,2.0427739156435516,74.07197464975872,Sélection automatique par sortie,True
435,22.336540220837126,468.50771425445276,16.9,25.371198893560756,1.31,23.316073000263685,57.16299978776105,19.520927211975266,1.7868454491364292,0.12152108407146692,0.23319439814657655,0.0507093556790098,0.017769827740327124,2.21004011477381,76.68392699973631,Sélection automatique par sortie,True
434,22.264581726830496,477.25318448191416,21.725303981984144,24.370661309544307,3.26,23.80027782509496,56.49928453639515,19.70043763850989,1.9099512354689345,0.1259793206996315,0.23968456054624568,0.05367563254258381,0.01837139668578254,2.347662145943178,76.19972217490505,Sélection automatique par sortie,True
171,24.618932319400134,485.4782579173552,12.87,24.376903674837408,2.17,23.115103707492754,56.89417007664517,19.990726215862082,1.9256720121085011,0.1303755165840476,0.24731804929459836,0.05698696101100611,0.02213017946791134,2.382482718466065,76.88489629250725,Sélection automatique par sortie,True
2208,22.445494130531618,480.0621790548848,21.0,25.382968904404503,1.73,22.841811584814295,57.39102198155409,19.767166433631605,1.9664434744799213,0.13149246961166383,0.2557570681960956,0.056874185736860934,0.017322012453675293,2.427889210478217,77.15818841518569,Sélection automatique par sortie,True
2339,21.444917189553575,486.9295173527569,16.42,13.534811455993543,2.02,24.814587775171006,57.10113791017355,18.084274314655453,2.0407951396676096,0.13706126552368092,0.2720741408127791,0.06161208740195292,0.022703023638326346,2.534245657044349,75.18541222482901,Sélection automatique par sortie,True
1624,23.473013574860484,503.0006653459063,12.318463125144474,25.259186684125236,3.07,22.447825324754557,57.07941164786097,20.472763027384474,2.0612529236965758,0.1391659797728733,0.2647535764497031,0.06260480282384838,0.024872481871863365,2.552649764614864,77.55217467524545,Sélection automatique par sortie,True
1142,21.80340385600518,485.2602141260651,17.61,13.163032923716797,1.12,24.66832818273206,57.448494646261615,17.88317717100632,2.084047984496516,0.14193566975717373,0.2653408331056977,0.06227176183038757,0.02155541854887265,2.575151667738648,75.33167181726793,Sélection automatique par sortie,True
813,21.660395337534258,494.58130972968183,18.51464991260355,18.709087930817173,1.88,23.356836238196518,57.29070951497281,19.35245424683069,2.128871453530902,0.14166782862838836,0.2812964473927656,0.06431107244373707,0.02135184948035681,2.6374986514761503,76.64316376180349,Sélection automatique par sortie,True
59,23.09211124574519,504.8776507096873,14.119649619746156,23.43,1.9,22.11632872653302,57.67110902981494,20.21256224365203,2.1512496610548713,0.14574986675933035,0.28758906899691306,0.06675840252759947,0.02367650045866572,2.67502349979738,77.88367127346697,Sélection automatique par sortie,True
1760,22.54262726482858,504.4127243744598,18.57098700843245,26.550099215074805,2.7485146686051953,21.922017843166977,57.60793167300214,20.470050483830896,2.168277125466549,0.14392518330499018,0.2786802548882279,0.0657322895370883,0.021715539115907755,2.678330392312763,78.07798215683303,Sélection automatique par sortie,True
1025,22.25913548638595,503.38363339140795,19.03484416109102,17.93,1.66,23.025819991632098,57.604151483719654,19.370028524648248,2.263757605958955,0.15090092898155585,0.298502982950864,0.0696962999650651,0.022174463741941684,2.8050322815983817,76.97418000836791,Sélection automatique par sortie,True
1526,21.457636539597903,504.2832548691592,16.75,12.13,1.939894470709283,24.24194845562848,57.63857553576583,18.119476008605705,2.2598988357076295,0.15178968764321532,0.3015980681928152,0.07116049374042255,0.02481807643185767,2.80926516171594,75.75805154437154,Sélection automatique par sortie,True
1056,23.074583832309646,514.0086594451719,18.04512098288276,26.34410775408448,1.682778131041596,21.07306230129539,58.390604058971654,20.536333639732966,2.312479782793327,0.15518545400996042,0.2952367089973591,0.07199638657516894,0.02227288470609638,2.857171217081912,78.92693769870462,Sélection automatique par sortie,True
2103,22.2484645090706,512.6236469195808,15.217501971741127,19.02727179943722,1.32,22.2045876206511,57.99423927964385,19.801173099705057,2.3051828447950715,0.158040811951286,0.31473548984954847,0.0733647014783834,0.024805207665271865,2.8761290557395616,77.7954123793489,Sélection automatique par sortie,True
644,21.496147634912095,497.6203005091426,29.73439811845615,16.040025444950434,2.414989449966541,23.98310664079975,57.27891438100545,18.73797897819479,2.397391514906457,0.15094039072114823,0.3110438463661015,0.06700620839460916,0.017933361384865253,2.944315321773181,76.01689335920024,Sélection automatique par sortie,True
220,21.898720392345542,521.6405269686971,14.07,15.530018965287464,2.0,22.678226872649873,58.00326060338933,19.318512523960788,2.3875219171031024,0.1633454965674833,0.3239302704904644,0.07835708783930122,0.028057716092057344,2.9812124880924085,77.32177312735011,Sélection automatique par sortie,True
1441,28.17430146900418,520.3497778331604,15.07764237161589,27.767905427044393,1.11,20.75693500913594,58.6115432309091,20.631521759954953,2.4349422946504826,0.16663750886794532,0.3154280605805827,0.07642472683851491,0.025064550769854706,3.01849714170738,79.24306499086406,Sélection automatique par sortie,True
2316,22.054497212127227,503.4919132644471,27.08274888086706,18.73,0.9916560677213535,22.64001368440016,58.22205820442881,19.137928111171036,2.4566102911778924,0.1629880415855682,0.32212043944711133,0.0717463860165855,0.01767576294486098,3.0311409211720184,77.35998631559985,Sélection automatique par sortie,True
1236,20.978048694524347,507.30858086395835,27.573331733628454,17.849679517012742,1.7477360734673255,22.777611645832398,57.8857008091669,19.336687545000718,2.476801855610579,0.15931839405564682,0.3308133510456341,0.07248648957866058,0.018092570384304393,3.0575126606748246,77.22238835416762,Sélection automatique par sortie,True
830,25.5640738247332,535.5448735933791,17.06213823965686,23.49,2.25,20.87645718960947,58.38176069925425,20.741782111136274,2.5992225475248887,0.17391036091496861,0.3303813448824384,0.08439488367700056,0.026909672580311902,3.2148188095796084,79.12354281039052,Sélection automatique par sortie,True
902,23.027447550492393,531.9753941692088,16.901723581422633,18.697877902525203,0.65,21.344676066846002,59.07929700744264,19.57602692571136,2.6373254668663755,0.18708579938055583,0.35906610575322273,0.08499146416839588,0.027391621617910217,3.29586045778646,78.655323933154,Sélection automatique par sortie,True
143,25.75486249669988,541.0857022342116,15.154022332600654,21.850440775644547,1.69,20.654990931858084,58.67869068698863,20.66631838115329,2.662902584309573,0.18083354688382264,0.36251759157389735,0.0881916378755327,0.02832960659598026,3.322774967238806,79.34500906814192,Sélection automatique par sortie,True
6,27.293356088825476,541.1208741465568,17.10525608079438,24.39,2.090749722613971,20.484253490189165,58.60624363898641,20.909502870824404,2.6980461033327536,0.18079919134341194,0.3475166177468103,0.08819102980147281,0.027379999161456198,3.3419329413859047,79.51574650981081,Sélection automatique par sortie,True
2387,22.769304434557693,541.5569690451273,25.264842594504064,20.14597645779936,2.93,21.248162790334252,58.35781733774345,20.39401987192231,2.839453061959161,0.18401829596716557,0.3745008395470152,0.08953668979135593,0.025173603400984877,3.5126824906656826,78.75183720966575,Sélection automatique par sortie,True
1982,21.00868396935502,544.1895323311808,26.110259721770305,11.151376397560863,1.51,22.46380832821209,59.03899228940798,18.497199382379925,2.9931209256764895,0.19113455031735743,0.3896504917677147,0.09459612568712106,0.02433661417410936,3.692838707622792,77.5361916717879,Sélection automatique par sortie,True
1063,30.364848662728207,548.6624060820817,26.198395229343216,25.965944627339972,2.92,20.211471468486288,58.60952910777971,21.178999423734005,3.0299020835438024,0.20048900198145417,0.3685341498596706,0.0971340873905206,0.027357483819036958,3.723416806594485,79.78852853151372,Sélection automatique par sortie,True
